Ailsa Craig,1
Alexandria,9
Armstrong Station,14
Astra,3
Attawapiskat,13
Ayr,1
Cat Lake First Nation,15
Concord,3
Dokis First Nation,12
East York,5
Etobicoke,5
Fort Albany First Nation,13
Hornell Heights,12
Iroquois Falls A,8
Kejick First Nation,15
Kettle And Stony Point,4
Mchigeeng First Nation,7
Niagara On The Lake,2
North York,3
Orleans,11
Pawitik,15
Pikangikum First Nation,15
Sandy Lake First Nation,15
Sault Ste Marie,14
Scarborough,3
Sharbot Lake,8
St Charles,12
St Thomas,1
Sutton West,8
Val Rita,13
Wikwemikong,13
Acton,6
Adelaide Metcalfe,1
Adjala-Tosorontio,7
Admaston-Bromley,11
Ajax,6
Alberton,15
Algoma District,14
Algonquin Highlands,11
Alliston,7
Alma,4
Almonte,11
Alnwick/Haldimand,8
Alton,6
Alvanley,7
Alvinston,1
Amaranth,6
Amherstburg,1
Armour,12
Amberley,7
Ameliasburg,9
Amherstview,9
Amulree,4
Amyot,14
Ancaster,3
Andys Corners,1
Angus,7
Annan,7
Anten Mills,7
Antrim,10
Appin,1
Apple Hill,9
Appleton,11
Apsley,8
Apto,7
Arbor-Vitae,15
Ardbeg,12
Arden,11
Ardoch,11
Ardtrea,7
Argyle,8
Ariss,4
Arkell,4
Arkona,1
Armstrong,13
Arnprior,11
Arran Elderslie,7
Ashfield-Colborne-Wawanosh,4
Arnstein,12
Aroland,15
Arthur,4
Arva,1
Ashburn,6
Ashgrove,3
Asphodel-Norwood,8
Ashton,10
Assumption,8
Assiginack,13
Astorville,13
Athen,9
Atherley,7
Atikokan,15
Attawapiskat,13
Atwood,4
Auburn,4
Auden,15
Augusta,9
Aurora,6
Avening,7
Avon,1
Avonmore,9
Aylmer,1
Ayton,7
Baddow,8
Baden,4
Badjeros,7
Bailieboro,8
Bainsville,9
Bala,12
Balaclava,11
Balderson,11
Baldwin,6
Baldwin,13
Ballantrae,6
Ballinafad,3
Ballymote,1
Balm Beach,7
Balmertown,15
Balmoral,1
Balmy Beach,7
Balsam Creek,13
Baltimore,8
Bamberg,4
Bancroft,11
Bannockburn,11
Baptiste,11
Barbers Bay,13
Barclay,7
Barkway,12
Barrie,7
Barriefield,9
Barrow Bay,7
Barrys Bay,11
Barryvale,11
Barwick,15
Batawa,9
Batchawana Bay,14
Bath,9
Battersea,9
Baudette,15
Baxter,7
Bayfield,4
Bayfield Inlet,12
Bayham,1
Bayshore Village,7
Bayside,9
Baysville,12
Beachburg,11
Beachville,1
Bealton,1
Beamsville,2
Bear Island,13
Bear Lake,12
Beardmore,15
Bearskin Lake,15
Beatrice,12
Beaver Lake,13
Beaverton,6
Beckwith,11
Beeton,7
Belfountain,6
Belgrave,4
Bell Ewart,7
Belle River,1
Belle Vallée,13
Belleville,9
Belmont,1
Belmore,4
Belmore,7
Belwood,4
Benmiller,4
Bent River,12
Bergland,15
Berkeley,7
Bervie,7
Berwick,9
Bethany,8
Bewdley,8
Big Bay,7
Big Bay Point,7
Big Cedar,8
Big Cedar Point,7
Big Chute,12
Bigwood,13
Billings,13
Binbrook,3
Birch Island,13
Birch Point,8
Birds Creek,11
Birr,1
Biscotasing,13
Bishops Mills,9
Bishopsgate,3
Bismarck,2
Bissett Creek,11
Black Bay,11
Black Hawk,15
Blackburn,10
Blacks Corners,11
Blackstock,6
Black River Matheson,13
Blackwater,6
Blair,4
Blairton,8
Blakeney,11
Blandford Blenheim,1
Blenheim,1
Blezard Valley,13
Blind River,14
Bloomfield,9
Bloomingdale,4
Blossom Park,10
Bluevale,4
Bluewater,4
Bluewater Beach,7
Blyth,4
Blytheswood,1
Bobcaygeon,8
Bognor,7
Bolingbroke,9
Bolingbroke,11
Bolsover,8
Bolton,6
Bonarlaw,11
Bond Head,7
Bonfield,13
Bonnechère,11
Bonville,9
Bornholm,4
Borups Corners,15
Boston,1
Boston Creek,13
Bothwell,1
Boulter,11
Bourget,10
Bowmanville,6
Bracebridge,12
Bradford,7
Bradford West Gwillimbury,7
Braeside,11
Brampton,5
Branchton,4
Brant,3
Brant County,3
Brantford,3
Brechin,7
Brent,12
Brentwood,7
Breslau,4
Brethour,13
Bridgenorth,8
Brigden,1
Bright,1
Brighton,8
Brights Grove,1
Brightside,11
Brinston,9
Brisbane,4
Britt,12
Brock,6
Brockton,7
Brockville,9
Brodhagen,4
Bronte,3
Brooke-Alvinston,1
Brooklin,6
Brookville,3
Brougham,6
Brouseville,9
Brown Hill,6
Brownsville,1
Bruce County,7
Bruce Mines,14
Bruce Station,14
Brucedale,4
Brucefield,4
Brudenell,11
Brunner,4
Brussels,4
Bryanston,1
Buckhorn,8
Burford,3
Burgessville,1
Burgoyne,7
Burketon,6
Burks Falls,12
Burleigh Falls,8
Burlington,3
Burpee & Mills,13
Burnaby,2
Burnstown,11
Burnt River,8
Burritts Rapids,9
Burtch,3
Buttonville,6
Byng,1
Byng Inlet,12
<abbr title = Canadian Forces base>C.F.B</abbr> (<abbr title = base des Forces canadiennes>B.F.C.</abbr>) Kingston,9
<abbr title = Canadian Forces base>C.F.B</abbr> (<abbr title = base des Forces canadiennes>B.F.C.</abbr>) Borden,7
<abbr title = Canadian Forces base>C.F.B</abbr> (<abbr title = base des Forces canadiennes>B.F.C.</abbr>) North Bay,13
<abbr title = Canadian Forces base>C.F.B</abbr> (<abbr title = base des Forces canadiennes>B.F.C.</abbr>) Petawawa,11
<abbr title = Canadian Forces base>C.F.B</abbr> (<abbr title = base des Forces canadiennes>B.F.C.</abbr>) Trenton,9
Cache Bay,13
Caesarea,6
Cainsville,3
Cairngorm,1
Cairo,1
Caistor Centre,2
Caistorville,2
Calabogie,11
Caledon,6
Caledon East,6
Caledon Village,6
Caledonia,1
Caliper Lake,15
Callander,13
Calstock,14
Calton,1
Calvin,13
Camborne,8
Cambray,8
Cambridge,4
Camden East,9
Cameron,8
Camilla,6
Camlachie,1
Campbellcroft,8
Campbellford,8
Campbellville,3
Campden,2
Canborough,1
Canfield,1
Cannifton,9
Cannington,6
Cape Croker,7
Capreol,13
Caramat,15
Cardiff,11
Cardinal,9
Cargill,7
Carleton Place,11
Carling,12
Carlisle,3
Carlow/Mayo,11
Carlsbad Springs,10
Carlsruhe,7
Carluke,3
Carnarvon,11
Carp,10
Carrying Place,9
Cartier,13
Casey,13
Casselman,10
Castleford,11
Castleton,8
Cat Lake,15
Catchacoma,8
Cathcart,3
Cavan Monaghan,8
Cawaja Beach,7
Cayuga,1
Cecebe,12
Cedar Beach,1
Cedar Point,7
Cedar Springs,1
Cedarhurst Park,1
Central Elgin,1
Central Frontenac,11
Central Huron,4
Central Manitoulin,13
Central Patricia,15
Centralia,1
Centre Hastings,11
Centre Wellington,4
Centreton,8
Centreville,9
Ceylon,7
Chaffeys Lock,9
Chalk River,11
Chambers Corners,2
Chamberlain,13
Champlain,10
Chantry,9
Chapleau,13
Chapple,15
Chaput Hughes,13
Charing Cross,1
Charleston,9
Charlton and Dack,13
Chatham,1
Chatham-Kent,1
Chatsworth,7
Cheapside,1
Chelmsford,13
Cheltenham,6
Chenaux,11
Cheney,10
Chepstow,7
Cherry Valley,9
Cherrywood,6
Chesley,7
Chesterville,9
Chippawa,2
Chippawa Hill,7
Chisholm,13
Christian Island,7
Churchill,7
Chute-à-Blondeau,10
Clandeboye,1
Clappisons Corners,3
Claremont,6
Clarence,10
Clarence Creek,10
Clarence-Rockland,10
Clarendon Station,11
Clarington,6
Clarkes Corners,7
Clarksburg,7
Clarkson,5
Clavering,7
Clayton,11
Clear Creek,1
Clearview,7
Clearwater Bay,15
Clifford,4
Clinton,4
Cloud Bay,15
Cloyne,11
Clute,13
Clyde,4
Clydesville,11
Cobalt,13
Cobden,11
Coboconk,8
Cobourg,8
Cobourg,8
Cochenour,15
Cochrane District,13
Cochrane,13
Cockburn Island,13
Codes Corner,9
Codrington,8
Coe Hill,11
Colborne,8
Colchester,1
Cold Springs,8
Coldstream,1
Coldwater,7
Colebrook,9
Coleman,13
Colgan,7
Collingwood,7
Collins,15
Collins Bay,9
Columbus,6
Comber,1
Combermere,11
Commanda,12
Conestogo,4
Conmee,15
Conn,4
Connaught,13
Consecon,9
Constance Bay,10
Constance Lake,14
Conway,9
Cookstown,7
Copenhagen,1
Copetown,3
Coppins Corners,6
Corbeil,13
Corbett,1
Corbetton,6
Corbyville,9
Cordova Mines,8
Corinth,1
Cormac,11
Cornwall,9
Corunna,1
Cottam,1
Coulson,7
Courtice,6
Courtland,1
Courtright,1
Craighurst,7
Craigleith,7
Cramahe,8
Crediton,4
Creditville,1
Creemore,7
Creighton Heights,8
Crieff,4
Crooked Bay,12
Crookston,11
Crosby,9
Crosshill,4
Croton,1
Crow Lake,11
Crow Lake,15
Crowes Landing,8
Crown Hill,7
Crysler,9
Crystal Beach,2
Crystal Falls,13
Culloden,1
Cultus,1
Cumberland,10
Cumberland Beach,7
Curran,10
Curve Lake,8
Cutler,14
Dacre,11
Dain City,2
Dalkeith,9
Dalrymple,8
Dalston,7
Damascus,4
Dashwood,4
Dawn-Euphemia,1
Dawson,15
Deacon,11
Dealtown,1
Deanlea Beach,7
Decewsville,1
Deep River,11
Deer Lake,15
Deerbrook,1
Delaware,1
Delhi,1
Deloro,11
Delta,9
Demorestville,9
Denbigh,11
Denfield,1
Departure Lake,13
Desaulniers,13
Desbarats,14
Desboro,7
Deseronto,9
Deux-Rivières,11
Devlin,15
Dillon,12
Dinorwic,15
Dixons Corners,9
Dobbinton,7
Dokis,12
Dome,13
Domville,9
Donegal,4
Donwood,8
Dorchester,1
Dorion,15
Dorking,4
Dornoch,7
Dorset,12
Douglas,11
Douro-Dummer,8
Dover Centre,1
Dowling,13
Downeyville,8
Drayton,4
Dresden,1
Driftwood,13
Drumbo,1
Drummond-North Elmsley,11
Dryden,15
Duart,1
Dublin,4
Dubreuilville,14
Duclos Point,6
Duffs Corners,3
Dufferin County,6
Dunchurch,12
Dundalk,7
Dundas,3
Dundela,9
Dunedin,7
Dungannon,4
Dunkerron,7
Dunns Valley,14
Dunnville,1
Dunrobin,10
Dunsford,8
Duntroon,7
Dunvegan,9
Durham,7
Durham Region,6
Dutton/Dunwich,1
Duttona Beach,1
Dwight,12
Dyers Bay,7
Dyment,15
Dymond,13
Dysart et al,11
Eagle,1
Eagle Lake,11
Eagle River,15
Ear Falls,15
Earlton,13
East Ferris,13
East Garafraxa,6
East Gwillimbury,6
East Linton,7
East Hawkesbury,10
East Luther Grand Valley,6
East Zorra-Tavistock,1
Eastons Corners,9
Eastwood,1
Eatonville,1
Eau Claire,13
Eberts,1
Echo Bay,14
Eden,1
Eden Mills,4
Edenvale,7
Edgar,7
Edwards,10
Edwardsburgh/Cardinal,9
Edys Mills,1
Effingham,2
Eganville,11
Egmondville,4
Eldee,13
Eldorado,11
Elfrida,3
Elgin,9
Elgin County,1
Elgin Mills,6
Elginburg,9
Elginfield,1
Elizabethtown-Kitley,9
Elizabethville,8
Elk Lake,13
Elliot Lake,14
Elmira,4
Elmstead,1
Elmvale,7
Elmwood,7
Elmwood,9
Elora,4
Elphin,11
Elsas,14
Elsinore,7
Ely,15
Embro,1
Embrun,10
Emeryville,1
Emo,15
Empire Corners,1
Emsdale,12
Englehart,13
English River,15
Enniskillen,6
Ennismore,8
Enterprise,9
Eramosa,4
Erie Beach,1
Erieau,1
Erin,4
Erinsville,9
Escott,9
Espanola,13
Essa,7
Essex,1
Estaire,13
Ethel,4
Eton-Rugby,15
Eugenia,7
Evanturel,13
Everett,7
Exeter,4
Fairground,1
Falkland,3
Fallbrook,11
Fassifern,9
Faraday,11
Fauquier-Strickland,13
Fauquier,13
Fawcettville,9
Fenella,8
Fenelon Falls,8
Fennell,7
Fenwick,2
Fergus,4
Fergusonvale,7
Ferland,15
Ferndale,7
Fernleigh,11
Fesserton,7
Feversham,7
Field,13
Finch,9
Fingal,1
Finmark,15
Fire River,14
Fisherville,1
Fitzroy Harbour,10
Flamboro Centre,3
Flesherton,7
Fletcher,1
Flinton,11
Floradale,4
Floral Park,7
Florence,1
Flower Station,11
Foldens,1
Foleyet,13
Fonthill,2
Foots Bay,12
Fordwich,4
Forest,1
Forest Home,7
Forest Mills,9
Foresters Falls,11
Forestville,1
Forfar,9
Formosa,7
Fort Albany,13
Fort Erie,2
Fort Frances,15
Fort Hope,15
Fort Irwin,11
Fort Severn,15
Forthton,9
Fournier,10
Fowlers Corners,8
Foxboro,9
Foymount,11
Frankford,9
Franklin Beach,6
Franktown,11
Frankville,9
Fraserdale,13
Fraserville,8
Freelton,3
French River,13
Froatburn,9
Frogmore,1
Front of Yonge,9
Frontenac County,11
Frontenac County,9
Frontenac Islands,9
Fullarton,4
Fulton,2
Gads Hill,4
Galetta,10
Galway-Cavendish-Harvey,8
Gamebridge,6
Gameland,15
Gananoque,9
Garden Hill,8
Garden River,14
Garden Village,13
Garnet,1
Garson,13
Gasline,2
Gauthier,13
Gelert,11
Georgetown,3
Georgian Bay,12
Georgian Bluffs,7
Georgina,6
Geraldton,15
Geraldton East,15
Gesto,1
Gilchrist Bay,8
Gillies,15
Gilmour,11
Glammis,7
Glen Alda,8
Glen Allan,4
Glen Becker,9
Glen Huron,7
Glen Meyer,1
Glen Miller,9
Glen Morris,3
Glen Nevis,9
Glen Orchard,12
Glen Robertson,9
Glen Tay,11
Glen Walter,9
Glen Williams,3
Glenarm,8
Glenburnie,9
Glencairn,7
Glencoe,1
Glendale,14
Glenora,9
Gloucester,10
Gobles,3
Goderich,4
Godfrey,11
Gogama,13
Gold Centre,13
Golden Lake,11
Golden Valley,12
Gooderham,11
Goodwood,6
Gordon/Barrie Island,13
Gore Bay,13
Gores Landing,8
Gormley,6
Gorrie,4
Goulais River,14
Government Landing,15
Gowanstown,4
Gowganda,13
Grafton,8
Graham,15
Grand Bend,1
Grand Valley,6
Grande Pointe,1
Granton,1
Grassie,2
Grassy Narrows,15
Gravel Hill,9
Gravenhurst,12
Greater Napanee,9
Greater Sudbury,13
Greely,10
Green Lane,10
Green River,6
Green Valley,9
Greenbank,6
Greenbush,9
Greenfield,9
Greenhurst-Thurstonia,8
Greenock,7
Greens Corner,1
Greenstone,15
Greensville,3
Greenwood,6
Grégoires Mill,13
Grey County,7
Grey Highlands,7
Griffith,11
Grimsby,2
Gros Cap,14
Guelph,4
Guelph Eramosa,4
Guilds,1
Gull Bay,15
Guthrie,7
Hagar,13
Hagersville,1
Haileybury,13
Haldimand,1
Haley Station,11
Haliburton,11
Hall Glen,8
Hallebourg,14
Halls Lake,11
Hallville,9
Halton Hills,3
Hamer Bay,12
Hamilton,3
Hammond,10
Hampton,6
Hanover,7
Harcourt,11
Hardwood Lake,11
Harley,13
Harlowe,11
Harpurhey,4
Harrietsville,1
Harrington,1
Harris,13
Harrisburg,3
Harrisons Corners,9
Harriston,4
Harrow,1
Harrowsmith,9
Hartington,9
Harty,14
Harwood,8
Hastings,8
Hastings Highlands,11
Havelock-Belmont-Methuen,8
Hawk Junction,14
Hawkesbury,10
Hawkestone,7
Hawkesville,4
Hawkins Corners,7
Haydon,6
Haysville,4
Head Clara & Maria,11
Hearst,14
Heathcote,7
Heckston,9
Heidelberg,4
Hensall,4
Hepworth,7
Heron Bay,15
Herrons Mills,11
Heyden,14
Hickson,1
Highgate,1
Highland Grove,11
Highlands East,11
Hilliard,13
Hilliardton,13
Hillier,9
Hillsburgh,4
Hillsdale,7
Hillsport,15
Hilton,8
Hilton Beach,14
Hoards,8
Hockley,7
Holbrook,1
Holland Centre,7
Holland Landing,6
Holly,7
Holmesville,4
Holstein,7
Holt,6
Holtyre,13
Holyrood,7
Honey Harbour,12
Honeywell Corners,9
Honeywood,6
Hope Bay,7
Hopetown,11
Hornby,3
Hornepayne,14
Hornings Mills,6
Horseshoe Lake,12
Horseshoe Valley,7
Horton,11
Houseys Rapids,12
Howdenvale,7
Howick,4
Hoyle,13
Hudson,15
Humphrey,12
Hunta,13
Huntingford,1
Huntsville,12
Hurkett,15
Huron East,4
Huron-Kinloss,7
Huron Park,4
Huron Shores,14
Huttonville,5
Hymers,15
Hyndford,11
Ice Lake,13
Ida,8
Ignace,15
Ilderton,1
Ingersoll,1
Ingleside,9
Inglewood,6
Ingoldsby,11
Ingolf,15
Inkerman,9
Innerkip,1
Innisfil,7
Innisville,11
International Falls,15
Inverary,9
Inverhuron,7
Inwood,1
Iona,1
Iona Station,1
Ipperwash Beach,1
Irish Lake,7
Iron Bridge,14
Irondale,11
Iroquois,9
Iroquois Falls,13
Island Grove,6
Ivanhoe,11
Ivy,7
Jackson,7
Jacksons Point,6
James,13
Janetville,8
Jarratt,7
Jarvis,1
Jasper,9
Jeannettes Creek,1
Jellicoe,15
Jerseyville,3
Jocelyn,14
Jogues,14
Johnson,14
Johnstown,9
Joly,12
Jones,15
Jones Falls,9
Jordan,2
Jordan Station,2
Joyceville,9
Kagawong,13
Kahshe Lake,12
Kakabeka Falls,15
Kaladar,11
Kanata,10
Kapuskasing,13
Kars,10
Kasabonika,15
Kashabowie,15
Kashechewan,13
Katrine,12
Kawartha Lakes,8
Kawartha Park,8
Keady,7
Kearney,12
Kearns,13
Keene,8
Keewatin,15
Keewaywin,15
Kejick,15
Keldon,6
Keldon,7
Kellys Corner,11
Kelvin,1
Kemble,7
Kemptville,9
Kenabeek,13
Kendal,6
Kenilworth,4
Kenmore,10
Kennisis Lake,11
Kenogami Lake,13
Kenora District,15
Kenora,15
Kent Bridge,1
Kentvale,14
Kerns,13
Kerwood,1
Keswick,6
Kettle Point,1
Kettleby,6
Keyser,1
Khartum,11
Kilbride,3
Killaloe,11
Killarney,13
Kilmarnock,11
Kilsyth,7
Kilworthy,12
Kimberley,7
Kinburn,4
Kincardine,7
King City,6
King Kirkland,13
Kingfisher Lake,15
Kingsbridge,4
Kingston,9
Kingsville,1
Kinloss,7
Kinlough,7
Kinmount,8
Kinsale,6
Kintail,4
Kintore,1
Kiosk,12
Kippen,4
Kirby,6
Kirk Cove,11
Kirkfield,8
Kirkland Lake,13
Kirkton,4
Kitchener,4
Kitchenuhmaykoosib,15
Kleinburg,6
Klueys Bay,12
Kohler,1
Komoka,1
Kurtzville,4
La Salette,1
La Vallée,15
Lac Seul,15
Lac-Ste-Thérèse,14
Lafontaine,7
Laggan,9
Lagoon City,7
Laird,14
Lake Dalrymple,8
Lake Helen,15
Lake of Bays,12
Lake of the Woods,15
Lake St. Peter,11
Lakefield,8
Lakehurst,8
Lakelet,4
Lakeshore,1
Lakeside,1
Lakeview Heights,9
LAmable,11
Lambton County,1
Lambton Shores,1
Lanark,11
Lancaster,9
Langstaff,6
Langton,1
Lansdowne,9
Lansdowne House,15
Lappe,15
Larder Lake,13
La Salle,1
Latchford,13
Latchford Bridge,11
Latta,9
Laurel,6
Laurentian Hills,11
Laurentian Valley,11
Lavant,11
Lavigne,13
Leamington,1
Leaskdale,6
Leeburn,14
Leeds & Grenville,9
Leeds & the Thousand Islands,9
Lefaivre,10
Lefroy,7
Leith,7
Leitrim,10
Lemieux,10
Lennox and Addington,9
Lighthouse Cove,1
Limehouse,3
Limerick,11
Limoges,10
Lincoln,2
Linden Beach,1
Lindsay,8
Linwood,4
Lions Head,7
Lisle,7
Listowel,4
Little Britain,8
Little Current,13
Little Hawk Lake,11
Little Lake,4
Lively,13
Lloydtown,6
Lobo,1
Lochalsh,14
Lochiel,9
Lochlin,11
Lombardy,9
Londesborough,4
London,1
Long Beach,2
Long Beach,8
Long Lake,15
Long Point,1
Long Sault,9
Longford,7
Longlac,15
Loretto,7
LOrignal,10
Loring,12
Lorne Park,5
Lorneville,8
Louisville,1
Lowbanks,1
Lowther,14
Lowville,3
Loyalist,9
Lucan,1
Lucasville,1
Lucknow,7
Lunenburg,9
Lurgan Beach,7
Lyn,9
Lynden,3
Lyndhurst,9
Lynhurst,1
Lyons,1
Mabees Corners,1
Maberly,11
Macdiarmid,15
Macdonald Meredith & Aberdeen Additional,14
MacDowell,15
Machar,12
Machin,15
Mackey,11
MacTier,12
Macton,4
Madawaska,12
Madawaska Valley,11
Madoc,11
Madsen,15
Magnetawan,12
Maidstone,1
Maitland,9
Malachi,15
Malahide,1
Malden Centre,1
Mallorytown,9
Mallorytown Landing,9
Manchester,6
Mandaumin,1
Manilla,8
Manitoulin District,13
Manitouwadge,15
Mannheim,4
Manotick,10
Manotick Station,10
Mansfield,6
Maple,6
Maple Island,12
Maple Leaf,11
Maple Valley,7
Mapleton,1
Mar,7
Marathon,15
Marden,4
Mariatown,9
Marionville,9
Marionville,10
Markdale,7
Markham,6
Markstay,13
Markstay-Warren,13
Marlbank,11
Marmora,11
Marsville,6
Marten Falls,15
Marten River,13
Martintown,9
Maryhill,4
Marysville,9
Massey,13
Matachewan,13
Matawatchan,11
Mathers Corners,8
Matheson,13
Mattawa,13
Mattawan,13
Mattice-Val Cote,14
Maxville,9
Maxwell,7
Maynard,9
Maynooth,11
McArthur Mills,11
McCrackens Landing,8
McDonalds Corner,11
McDougall,12
McGarry,13
McGregor,1
McGregor Bay,13
MChigeeng,13
McKays Corner,1
McKellar,12
McKenzie Island,15
McKerrow,13
McMurrich/Monteith,12
McNab-Braeside,11
Meaford,7
Medina,1
Melancthon,6
Melbourne,1
Meldrum Bay,13
Melissa,12
Melrose,1
Merlin,1
Merrickville,9
Merrickville-Wolford,9
Metcalfe,10
Michipicoten River,14
Micksburg,11
Middlemiss,1
Middleport,3
Middleville,11
Midhurst,7
Middlesex Centre,1
Middlesex County,1
Midland,7
Migisi Sahgaigan,15
Mildmay,7
Milford,9
Milford Bay,12
Millar Hill,12
Millarton,7
Millbank,4
Millbrook,8
Milldale,1
Miller Lake,7
Millgrove,3
Millhaven,9
Milliken,5
Milton,3
Milverton,4
Minaki,15
Minden,11
Minden Hills,11
Mine Centre,15
Miners Bay,11
Minesing,7
Minett,12
Minnitaki,15
Minto,4
Mishkeegogamang,15
Missanabie,14
Mississauga,5
Mississippi Mills,11
Mississippi Station,11
Mitchell,4
Mitchells Bay,1
Mitchells Corners,6
Moffat,3
Molesworth,4
Monetville,13
Monkland,9
Monkton,4
Mono,6
Mono Centre,6
Mono Mills,6
Mono Road,6
Montague,11
Monteith,13
Montreal River,14
Moonbeam,13
Moonstone,7
Moore Falls,11
Moorefield,4
Mooresburg,7
Mooretown,1
Moose Creek,9
Moose Factory,13
Moosonee,13
Morewood,9
Morganston,8
Morley,15
Morpeth,1
Morris-Turnberry,4
Morrisburg,9
Morriston,4
Morson,15
Mortimers Point,12
Morton,9
Morven,9
Moscow,9
Mossley,1
Mount Albert,6
Mount Brydges,1
Mount Carmel,4
Mount Chesney,9
Mount Elgin,1
Mount Forest,4
Mount Hope,3
Mount Julian,8
Mount Pleasant,3
Mount Pleasant,8
Mount Salem,1
Mount Vernon,3
Mountain,9
Mountain Grove,11
Muirkirk,1
Mulmur,6
Muncey,1
Munster,10
Murillo,15
Muskoka District,12
Muskoka Falls,12
Muskoka Lakes,12
Muskrat Dam,15
Musselmans Lake,6
Myers Cave,11
Myrtle,6
Myrtle Station,6
Nairn,1
Nairn Centre,13
Nakina,15
Nanticoke,1
Napanee,9
Navan,10
Neebing,15
Nelles Corners,1
Nellie Lake,13
Nepean,10
Nephton,8
Nestleton,6
Nestleton Station,6
Nestor Falls,15
Neustadt,7
New Credit,3
New Dublin,9
New Dundee,4
New Durham,3
New Glasgow,1
New Hamburg,4
New Liskeard,13
New Lowell,7
New Sarum,1
New Tecumseth,7
New Wexford,9
Newbliss,9
Newboro,9
Newburgh,9
Newbury,1
Newcastle,6
Newington,9
Newmarket,6
Newry,4
Newton,4
Newton-Robinson,7
Newtonville,6
Niagara Falls,2
Niagara-On-The-Lake,2
Nicolston,7
Nile,4
Nipigon,15
Nipissing,13
Nipissing District,13
Nipissing District,12
Nobel,12
Nobleton,6
Noëlville,13
Nogies Creek,8
Nolalu,15
Norfolk,1
Norham,8
Normandale,1
North Algona-Wilberforce,11
North Augusta,9
North Bay,13
North Bruce,7
North Buxton,1
North Cobalt,13
North Dumfries,4
North Dundas,9
North Frontenac,11
North Glengarry,9
North Gower,10
North Grenville,9
North Huron,4
North Kawartha,8
North Lancaster,9
North Middlesex,1
North Monetville,13
North Pelham,2
North Perth,4
North Port,9
North Portage,12
North Spirit Lake,15
North Stormont,9
North Woodsle,1
Northbrook,11
Northeastern Manitoulin and The Islands,13
Northern Bruce Peninsula,7
Northumberland County,8
Northville,1
Northwest Bay,15
Norval,3
Norwich,1
Norwood,8
Nosbonsing,13
Notre-Dame-des-Champs,10
Nottawa,7
Novar,12
Numogate,11
Oak Ridges,6
Oakdale,1
Oakland,3
Oakville,3
Oakwood,8
Oba,14
OBriens Landing,15
OConnor,15
Odessa,9
Ogoki,14
Ohsweken,3
Oil City,1
Oil Springs,1
Oldcastle,1
Oliphant,7
Oliver,1
Oliver Paipoonge,15
Omemee,8
Ompah,11
Onaping,13
Onondaga,3
Opasatika,14
Ophir,14
Orangeville,6
Orillia,7
Orléans,10
Ormsby,11
Oro-Medonte,7
Oro Station,7
Orono,6
Orr Lake,7
Orrville,12
Orton,4
Orwell,1
Osborne Corners,3
Osceola,11
Osgoode,10
Oshawa,6
Osnabruck Centre,9
Ospringe,4
Ossossane Beach,7
Ostrander,1
Ostryhon Corners,2
Otonabee-South Monaghan,8
Ottawa,10
Otter Lake,12
Otterville,1
Ouellette,13
Outlet,9
Owen Sound,7
Oxdrift,15
Oxford Centre,1
Oxford County,1
Oxford Mills,9
Oxley,1
Pagwa River,14
Pain Court,1
Paisley,7
Pakenham,11
Palermo,3
Palgrave,6
Palmer Rapids,11
Palmerston,4
Palmyra,1
Papineau-Cameron,13
Paquette Corners,1
Paradise Point,7
Parham,11
Paris,3
ParkHead,7
Parkhill,1
Parry Island,12
Parry Sound,12
Parry Sound District,13
PassLake,15
Paudash,11
Peawanuck,15
Pefferlaw,6
Pelee Island,1
Pelham,2
Pembroke,11
Pendleton,10
Penetanguishene,7
Perkinsfield,7
Perrault Falls,15
Perry,12
Perth,11
Perth County,4
Perth East,4
Perth Road,9
Perth South,4
Petawawa,11
Peterbell,14
Peterborough,8
Peters Corners,3
Petersburg,4
Pethericks Corners,8
Petrolia,1
Phelpston,7
Philipsville,9
Phillipsburg,4
Pic Mobert South,15
Pic River,15
Pickerel Lake,12
Pickering,6
Pickering Village,6
Pickle Lake,15
Picton,9
Pikangikum,15
Pike Bay,7
Pine River,7
Pinehurst,1
Pinkerton,7
Pitts Ferry,9
Pittston,9
Plainfield,9
Plantagenet,10
Plattsville,1
Pleasant Corners,10
Pleasant Point,8
Pleasantville,6
Plevna,11
Plummer Additional,14
Plympton-Wyoming,1
Point Alexander,11
Point Clark,7
Point Edward,1
Pointe-au-Baril,12
Pointe-au-Baril Station,12
Pointe-aux-Pins,14
Pointe-Fortune,10
Poland,11
Pontypool,8
Poole,4
Poplar Dale,14
Poplar Hill,1
Poplar Hill,15
Porcupine,13
Porquis Junction,13
Port Albert,4
Port Alma,1
Port Bolster,6
Port Bruce,1
Port Burwell,1
Port Carling,12
Port Carmen,12
Port Colborne,2
Port Credit,5
Port Cunnington,12
Port Darlington,6
Port Dover,1
Port Elgin,7
Port Elmsley,11
Port Franks,1
Port Glasgow,1
Port Hope,8
Port Lambton,1
Port Loring,12
Port Maitland,1
Port McNicoll,7
Port Perry,6
Port Robinson,2
Port Rowan,1
Port Ryerse,1
Port Sandfield,12
Port Severn,7
Port Stanley,1
Port Stanton,7
Port Sydney,12
Portland,9
Pottageville,6
Powassan,13
Prairie Siding,1
Precious Corners,8
Prescott,9
Prescott and Russell United Counties,10
Presquîle Point,8
Preston Lake,6
Prices Corner,7
Priceville,7
Primrose,6
Prince,14
Prince Albert,6
Prince Edward County,9
Princeton,1
Pronto East,14
Proton Station,7
Puce,1
Purdy,11
Puslinch,4
Putnam,1
Quadeville,11
Queensborough,11
Queenston,2
Queensville,6
Quinte West,9
Raglan,6
Rainham Centre,1
Raith,15
Rainy River District,15
Ramara,7
Ramore,13
Ranger Lake,14
Rankin,11
Ravenna,7
Ravenscliffe,12
Ravenshoe,6
Ravensview,9
Ravenswood,1
Raymond,12
Reaboro,8
Red Bay,7
Red Lake,15
Red Lake Road,15
Red Rock,15
Redbridge,13
Redditt,15
Redickville,6
Rednersville,9
Reeces Corners,1
Renfrew,11
Renfrew County,11
Renton,1
Restoule,12
Riceville,10
Richards Landing,14
Richmond,1
Richmond,10
Richmond Hill,6
Rideau Ferry,11
Rideau Lakes,9
Ridgetown,1
Ridgeville,2
Ridgeway,2
Ringwood,6
Ripley,7
River Valley,13
Riversdale,7
Riverview,6
Riverview Heights,9
Roblin,9
Roches Point,6
Rock Lake,14
Rockcliffe Park,10
Rockford,7
Rockingham,11
Rockland,10
Rocklyn,7
Rockport,9
Rocksprings,9
Rockton,3
Rockwood,4
Rodney,1
Roebuck,9
Rolphton,11
Rosedale,8
Rosehall,9
Rosemont,7
Roseneath,8
Roseville,4
Roslin,9
Roslin,11
Rosseau,12
Rosseau Road,12
Rosslyn Village,15
Rossmore,9
Rossport,15
Rostock,4
Rothsay,4
Round Lake Centre,11
Round Plains,1
Ruscom Station,1
Russell,10
Rutherford,1
Rutherglen,13
Ruthven,1
Rydal Bank,14
Ryerson,12
Sables Spanish Rivers,13
Sachigo Lake,15
Saganaga Lake,15
Saintfield,6
Salem,4
Salem,8
Salford,1
Saltford,4
Sandford,6
Sandhill,6
Sandhurst,9
Sandy Cove,7
Sandy Lake,15
Sans Souci,12
Sapawe,15
Sarnia,1
Sarsfield,10
Sauble Beach,7
Sauble Beach North,7
Sauble Beach South,7
Sauble Falls,7
Saugeen Shores,7
Sault-Ste-Marie,14
Savant Lake,15
Sawlog Bay,7
Schomberg,6
Schreiber,15
Schumacher,13
Schutt,11
Scone,7
Scotia,12
Scotland,3
Scudder,1
Scugog,6
Seacliffe,1
Seaforth,4
Seagrave,6
Searchmont,14
Sebright,7
Sebringville,4
Seeleys Bay,9
Seguin,12
Selby,9
Selkirk,1
Selwyn,8
Separated Smiths Falls,11
Serpent River,14
Sesekinika,13
Severn,7
Severn Bridge,12
Severn Falls,7
Shabaqua Corners,15
Shakespeare,4
Shallow Lake,7
Shamrock,11
Shanly,9
Shannonville,9
Shanty Bay,7
Sharon,6
Shawanaga,12
Shebandowan,15
Shedden,1
Sheffield,3
Sheguiandah,13
Shelburne,6
Sherkston,2
Sheshegwaning,13
Shetland,1
Shillington,13
Shining Tree,13
Shipka,4
Shrewsbury,1
Shuniah,15
Silver Dollar,15
Silver Hill,1
Silver Water,13
Simcoe,1
Simcoe County,7
Singhampton,7
Sioux Lookout,15
Sioux Narrows-Nestor Falls,15
Slate Falls,15
Sleeman,15
Smith-Ennismore-Lakefield,8
Smiths Falls,11
Smithville,2
Smooth Rock Falls,13
Snelgrove,5
Snow Road Station,11
Snowball,6
Snug Harbour,12
Snyder,2
Solina,6
Sombra,1
Sonya,8
Soperton,9
South Algonquin,12
South Bay,12
South Bay,15
South Beach,8
South Bruce,7
South Bruce Peninsula,7
South Cayuga,1
South Dundas,9
South Frontenac,9
South Gillies,15
South Glengarry,9
South Gloucester,10
South Huron,4
South Lancaster,9
South Middleton,1
South Monaghan,8
South Mountain,9
South Porcupine,13
South Stormont,9
South River,12
South Woodslee,1
Southampton,7
Southgate,7
Southwold,1
Southwest Middlesex,1
South-West Oxford,1
Southwold,1
Sowerby,14
Spanish,14
Sparta,1
Spencerville,9
Speyside,3
Spragge,14
Spring Brook,11
Springfield,1
Springford,1
Springmount,7
Springtown,11
Springvale,1
Springville,8
Springwater,7
Sprucedale,12
St. Agatha,4
St. Andrews,9
St. Anns,2
St. Catharines,2
St. Clair,1
St. Clair Beach,1
St. Clements,4
St. Columban,4
St. Davids,2
St. George,3
St. Ignace,15
St. Jacobs,4
St. Joseph Island,14
St. Marys,4
St. Pauls Station,4
St. Raphaels,9
St. Thomas,1
St. Williams,1
Staffa,4
St-Albert,10
Stampville,9
Stanley,15
Staples,1
Starratt-Olsen,15
Stayner,7
St-Bernardin,10
St-Charles,13
St-Eugène,10
Ste-Anne-de-Prescott,10
Stella,9
Ste-Rose-de-Prescott,10
Stevensville,2
Stewart Hall,8
Stewarttown,3
Stirling,11
Stirling-Rawdon,11
St-Isidore,10
Stittsville,10
St-Joachim,1
St-Joseph,4
Stoco,11
Stokes Bay,7
Stone Mills,9
Stonecliffe,11
Stoney Creek,3
Stoney Point,1
Stonyridge,8
Stouffville,6
St-Pascal-Baylon,10
Strabane,3
Straffordville,1
Stratford,4
Strathburn,1
Strathroy-Caradoc,1
Strathroy,1
Stratton,15
Streetsville,5
Strong,12
Stroud,7
Sturgeon Bay,7
Sturgeon Falls,13
Sturgeon Point,8
Sucker Creek,13
Sudbury,13
Sultan,13
Summer Beaver,15
Summers Corners,1
Summerstown,9
Summerstown Station,9
Sunbury,9
Sunderland,6
Sundridge,12
Sunnidale Corners,7
Suomi,15
Sutton,6
Swastika,13
Sweaburg,1
Swift Rapids,7
Swinton Park,7
Sydenham,9
Sylvan,1
Talbotville,1
Tamworth,9
Tara,7
Tarbutt & Tarbutt Additional,14
Tarzwell,13
Tatlock,11
Taunton,6
Tavistock,1
Tay,7
Tay Valley,11
Taylor Corners,8
Tecumseh,1
Teeswater,7
Teeterville,1
Tehkummah,13
Temagami,13
Temiskaming District,13
Temiskaming Shores,13
Terra Cotta,6
Terra Nova,6
Terrace Bay,15
Teviotdale,4
Thames Centre,1
Thamesford,1
Thamesville,1
The Archipelago,12
The Blue Mountains,7
The Nation,10
The North Shore,14
Thedford,1
Thessalon,14
Thomasburg,11
Thornbury,7
Thorndale,1
Thorne,13
Thornhill,6
Thornloe,13
Thornton,7
Thorold,2
Thorold South,2
Thunder Beach,7
Thunder Bay,15
Tichborne,11
Tilbury,1
Tilden Lake,13
Tillsonburg,1
Timmins,13
Tincap,9
Tiny,7
Tiverton,7
Toanche,7
Tobermory,7
Toledo,9
Tomstown,13
Toronto,5
Torrance,12
Tory Hill,11
Tottenham,7
Townsend,1
Tramore,11
Trent Hills,8
Trent River,8
Trenton,9
Troy,3
Tudor & Cashel,11
Tunis,13
Tupperville,1
Turkey Point,1
Tweed,11
Tyendinaga,9
Tyrone,6
Udney,7
Udora,6
Uffington,12
Ufford,12
Ullswater,12
Underwood,7
Union,1
Uniondale,1
Unionville,6
Uphill,8
Upsala,15
Uptergrove,7
Utica,6
Utterson,12
Uxbridge,6
Val-Caron,13
Val-Côté,14
Valentia,8
Val-Gagné,13
Val-Rita,13
Vanastra,4
Vandorf,6
Vanessa,1
Vanier,10
Vankleek Hill,10
Vankoughnet,12
Varna,4
Varney,7
Vars,10
Vasey,7
Vaughan,6
Vennachar,11
Vennachar Junction,11
Vermilion Bay,15
Verner,13
Vernon,10
Vernonville,8
Verona,9
Verschoyle,1
Victoria,6
Victoria Harbour,7
Victoria Place,8
Victoria Road,8
Vienna,1
Villa Nova,1
Village of Burks Falls,12
Village of Hilton Beach,14
Village of Merrickville-Wolford,9
Village of Newbury,1
Village of Oil Springs,1
Village of Point Edward,1
Village of South River,12
Village of Sundridge,12
Village of Thornloe,13
Village of Westport,9
Villiers,8
Vineland,2
Vineland Station,2
Violet Hill,6
Virgil,2
Virginia,6
Virginiatown,13
Wabash,1
Wabigoon,15
Wahnekewaning Beach,7
Wahwashkesh,12
Wainfleet,2
Waldemar,6
Walford,13
Walkerton,7
Wallaceburg,1
Wallacetown,1
Wallenstein,4
Walsh,1
Walsingham,1
Walters Falls,7
Walton,4
Wanup,13
Wapekeka,15
Wardsville,1
Warina,9
Warkworth,8
Warminster,7
Warren,13
Warsaw,8
Wartburg,4
Warwick,1
Wasaga Beach,7
Washago,7
Waterdown,3
Waterford,1
Waterloo,4
Waterloo Region,4
Waterton,9
Watford,1
Watsons Corners,11
Waubamik,12
Waubaushene,7
Waupoos,9
Waverley,7
Wawa,14
Weagamow Lake,15
Webbwood,13
Webequie,15
Welcome,8
Welland,2
Wellandport,2
Wellesley,4
Wellington,9
Wemyss,11
Wendake Beach,7
Wendover,9
Wendover,10
Werner Lake,15
Wesley Corners,6
West Elgin,1
West Flamborough,3
West Grey,7
West Guilford,11
West Lake,9
West Lincoln,2
West Lorne,1
West Montrose,4
West Nipissing,13
Westbrook,9
Westmeath,11
Westover,3
Westport,9
Westree,13
Westwood,8
Whalen Corner,1
Wharncliffe,14
Wheatley,1
Whitby,6
Whitchurch-Stouffville,6
White Lake,11
White River,14
Whitechurch,7
Whitedog,15
Whitefish Bay,15
Whitefish Falls,13
Whitestone,12
Whitewater Region,11
Whitevale,6
Whitney,12
Wiarton,7
Wicklow,8
Wilberforce,11
Wilcox Lake,6
Wildfield,5
Wilkesport,1
Williamsburg,9
Williamsford,7
Williamstown,9
Willow Beach,1
Willow Grove,1
Wilmot,4
Wilno,11
Wilsonville,1
Wilstead,9
Wilton,9
Winchester,9
Winchester Springs,9
Windermere,12
Windham Centre,1
Windsor,1
Winger,2
Wingham,4
Winona,3
Winterbourne,4
Winthrop,4
Wollaston,11
Woodbridge,6
Woodburn,3
Woodford,7
Woodham,4
Woodland Beach,7
Woodstock,1
Woodview,8
Woodville,8
Wooler,9
Woolwich,4
Wroxeter,4
Wunnummin Lake,15
Wyebridge,7
Wyevale,7
Wymbolwood Beach,7
Wyoming,1
Yarker,9
Yatton,4
Youngs Point,8
York,1
York Region,6
Zephyr,6
Zorra,1
Zurich,6